<?xml version="1.0" encoding="UTF-8"?>
<project-private xmlns="http://www.netbeans.org/ns/project-private/1">
    <editor-bookmarks xmlns="http://www.netbeans.org/ns/editor-bookmarks/2" lastBookmarkId="0"/>
    <open-files xmlns="http://www.netbeans.org/ns/projectui-open-files/2">
        <group>
            <file>file:/C:/Users/tito7/Desktop/proyectoProgramacionmvc/src/config/agregar.png</file>
            <file>file:/C:/Users/tito7/Desktop/proyectoProgramacionmvc/src/modelo/Persona.java</file>
            <file>file:/C:/Users/tito7/Desktop/proyectoProgramacionmvc/src/config/eliminar.png</file>
            <file>file:/C:/Users/tito7/Desktop/proyectoProgramacionmvc/src/config/editar.png</file>
            <file>file:/C:/Users/tito7/Desktop/proyectoProgramacionmvc/src/config/listar.png</file>
            <file>file:/C:/Users/tito7/Desktop/proyectoProgramacionmvc/src/controlador/Controlador.java</file>
            <file>file:/C:/Users/tito7/Desktop/proyectoProgramacionmvc/src/modelo/lstadoO.java</file>
            <file>file:/C:/Users/tito7/Desktop/proyectoProgramacionmvc/src/config/actualizar.png</file>
            <file>file:/C:/Users/tito7/Desktop/proyectoProgramacionmvc/src/vista/vista.java</file>
            <file>file:/C:/Users/tito7/Desktop/proyectoProgramacionmvc/src/modelo/Conexion.java</file>
        </group>
    </open-files>
</project-private>
